id	score6
seq_1	-2.245551586151123
seq_2	-2.2596540451049805
seq_3	-2.2478792667388916
seq_4	-2.2677974700927734
seq_5	-2.2659308910369873
seq_6	-2.2627267837524414
seq_7	-2.253918170928955
seq_8	-2.2462422847747803
seq_9	-2.2759974002838135
seq_10	-2.256251096725464
seq_11	-2.2596702575683594
seq_12	-2.267808437347412
seq_13	-2.267808437347412
seq_14	-2.240971088409424
seq_15	-2.2736475467681885
seq_16	-2.2894351482391357
seq_17	-2.267775774002075
seq_18	-2.2574355602264404
seq_19	-2.2664623260498047
seq_20	-2.248623847961426
seq_21	-2.2978453636169434
seq_22	-2.256096839904785
seq_23	-2.263744831085205
seq_24	-2.2783820629119873
seq_25	-2.2972753047943115
seq_26	-2.2936534881591797
seq_27	-2.273374557495117
seq_28	-2.246955156326294
seq_29	-2.272914409637451
seq_30	-2.2557930946350098
seq_31	-2.2488207817077637
seq_32	-2.3225367069244385
seq_33	-2.251612424850464
seq_34	-2.2786471843719482
seq_35	-2.2751986980438232
seq_36	-2.2751986980438232
seq_37	-2.2460520267486572
seq_38	-2.2742927074432373
seq_39	-2.288972854614258
seq_40	-2.2415127754211426
seq_41	-2.266620397567749
seq_42	-2.2572693824768066
seq_43	-2.251256227493286
seq_44	-2.265824317932129
seq_45	-2.264620780944824
seq_46	-2.2704017162323
seq_47	-2.2687771320343018
seq_48	-2.2853498458862305
seq_49	-2.2380495071411133
seq_50	-2.2666828632354736
seq_51	-2.277806282043457
seq_52	-2.262946367263794
seq_53	-2.2417449951171875
seq_54	-2.26350998878479
seq_55	-2.26350998878479
seq_56	-2.268137216567993
seq_57	-2.268137216567993
seq_58	-2.286076784133911
seq_59	-2.250555992126465
seq_60	-2.274893045425415
seq_61	-2.274893045425415
seq_62	-2.2763426303863525
seq_63	-2.259676456451416
seq_64	-2.2563743591308594
seq_65	-2.268984317779541
seq_66	-2.2601425647735596
seq_67	-2.2601425647735596
seq_68	-2.309016704559326
seq_69	-2.318193197250366
seq_70	-2.2512803077697754
seq_71	-2.2749032974243164
seq_72	-2.2696900367736816
seq_73	-2.2675540447235107
seq_74	-2.2834765911102295
seq_75	-2.284677505493164
seq_76	-2.271040201187134
seq_77	-2.2499420642852783
seq_78	-2.2499420642852783
seq_79	-2.26780104637146
seq_80	-2.276061534881592
seq_81	-2.2658376693725586
seq_82	-2.2751893997192383
seq_83	-2.2572410106658936
seq_84	-2.266059160232544
seq_85	-2.2605674266815186
seq_86	-2.265678882598877
seq_87	-2.272012710571289
seq_88	-2.253251314163208
seq_89	-2.258554458618164
seq_90	-2.2195911407470703
seq_91	-2.2195911407470703
seq_92	-2.2195911407470703
seq_93	-2.2642111778259277
seq_94	-2.237957000732422
seq_95	-2.2531509399414062
seq_96	-2.2442386150360107
seq_97	-2.2675323486328125
seq_98	-2.2554774284362793
seq_99	-2.2787630558013916
seq_100	-2.267801523208618
seq_101	-2.2518508434295654
seq_102	-2.2986083030700684
seq_103	-2.2812893390655518
seq_104	-2.2902750968933105
seq_105	-2.2902750968933105
seq_106	-2.2751145362854004
seq_107	-2.2750027179718018
seq_108	-2.256004571914673
seq_109	-2.273967981338501
seq_110	-2.283480644226074
seq_111	-2.3085453510284424
seq_112	-2.2563319206237793
seq_113	-2.2596993446350098
seq_114	-2.282721757888794
seq_115	-2.2546534538269043
seq_116	-2.273216485977173
seq_117	-2.263476848602295
seq_118	-2.2653355598449707
seq_119	-2.2481789588928223
seq_120	-2.265428304672241
seq_121	-2.272247314453125
seq_122	-2.268444538116455
seq_123	-2.257937431335449
seq_124	-2.2882461547851562
seq_125	-2.2882461547851562
seq_126	-2.2593400478363037
seq_127	-2.2806804180145264
seq_128	-2.2319722175598145
seq_129	-2.2703843116760254
seq_130	-2.2444891929626465
seq_131	-2.263474225997925
seq_132	-2.271188974380493
seq_133	-2.2460970878601074
seq_134	-2.262885332107544
seq_135	-2.234614849090576
seq_136	-2.234614849090576
seq_137	-2.2422449588775635
seq_138	-2.2411203384399414
seq_139	-2.236623525619507
seq_140	-2.253105878829956
seq_141	-2.2550442218780518
seq_142	-2.272348642349243
seq_143	-2.223649501800537
seq_144	-2.260078191757202
seq_145	-2.261659622192383
seq_146	-2.2785253524780273
seq_147	-2.260892391204834
seq_148	-2.2739148139953613
seq_149	-2.263688802719116
seq_150	-2.2786669731140137
seq_151	-2.258436441421509
seq_152	-2.2410449981689453
seq_153	-2.2842109203338623
seq_154	-2.263704538345337
seq_155	-2.2519140243530273
seq_156	-2.2519140243530273
seq_157	-2.2230563163757324
seq_158	-2.2830450534820557
seq_159	-2.248260974884033
seq_160	-2.2530698776245117
seq_161	-2.2644758224487305
seq_162	-2.2615725994110107
seq_163	-2.2904117107391357
seq_164	-2.2904117107391357
seq_165	-2.2666587829589844
seq_166	-2.266225576400757
seq_167	-2.268527030944824
seq_168	-2.2755372524261475
seq_169	-2.2651119232177734
seq_170	-2.2597808837890625
seq_171	-2.253568172454834
seq_172	-2.232665777206421
seq_173	-2.247302532196045
seq_174	-2.2730796337127686
seq_175	-2.2774527072906494
seq_176	-2.285508871078491
seq_177	-2.2562613487243652
seq_178	-2.260347604751587
seq_179	-2.2303905487060547
seq_180	-2.2771449089050293
seq_181	-2.2771449089050293
seq_182	-2.266446828842163
seq_183	-2.271484613418579
seq_184	-2.287242889404297
seq_185	-2.252858877182007
seq_186	-2.252858877182007
seq_187	-2.284517288208008
seq_188	-2.2595529556274414
seq_189	-2.2683792114257812
seq_190	-2.279177188873291
seq_191	-2.278008460998535
seq_192	-2.239219903945923
seq_193	-2.2398951053619385
seq_194	-2.3143038749694824
seq_195	-2.295041084289551
seq_196	-2.295041084289551
seq_197	-2.2766220569610596
seq_198	-2.2671291828155518
seq_199	-2.2624943256378174
seq_200	-2.2590548992156982
seq_201	-2.2597110271453857
seq_202	-2.2684781551361084
seq_203	-2.271214723587036
seq_204	-2.271214723587036
seq_205	-2.2409274578094482
seq_206	-2.274080276489258
seq_207	-2.266465187072754
seq_208	-2.255061149597168
seq_209	-2.2806832790374756
seq_210	-2.3012783527374268
seq_211	-2.261047124862671
seq_212	-2.264039993286133
seq_213	-2.264039993286133
seq_214	-2.2454352378845215
seq_215	-2.2454352378845215
seq_216	-2.2608790397644043
seq_217	-2.248044490814209
seq_218	-2.248044490814209
seq_219	-2.263723611831665
seq_220	-2.2481470108032227
seq_221	-2.2594149112701416
seq_222	-2.2590959072113037
seq_223	-2.2212069034576416
seq_224	-2.2378571033477783
seq_225	-2.269850254058838
seq_226	-2.269850254058838
seq_227	-2.2451395988464355
seq_228	-2.255254030227661
seq_229	-2.266167640686035
seq_230	-2.2844245433807373
seq_231	-2.230410099029541
seq_232	-2.284909725189209
seq_233	-2.284909725189209
seq_234	-2.2515764236450195
seq_235	-2.27488374710083
seq_236	-2.2650957107543945
seq_237	-2.2650957107543945
seq_238	-2.2795603275299072
seq_239	-2.2563865184783936
seq_240	-2.2364342212677
seq_241	-2.269379138946533
seq_242	-2.253253698348999
seq_243	-2.253253698348999
seq_244	-2.253253698348999
seq_245	-2.272386312484741
seq_246	-2.2773079872131348
seq_247	-2.2727901935577393
seq_248	-2.2249886989593506
seq_249	-2.245011329650879
seq_250	-2.2764084339141846
seq_251	-2.2849316596984863
seq_252	-2.257863759994507
seq_253	-2.257863759994507
seq_254	-2.268448829650879
seq_255	-2.2425003051757812
seq_256	-2.2949531078338623
seq_257	-2.2328577041625977
seq_258	-2.2674403190612793
seq_259	-2.3232009410858154
seq_260	-2.2877461910247803
seq_261	-2.242971897125244
seq_262	-2.2706339359283447
seq_263	-2.265779733657837
seq_264	-2.280534505844116
seq_265	-2.2516374588012695
seq_266	-2.2562930583953857
seq_267	-2.2628564834594727
seq_268	-2.280924081802368
seq_269	-2.2434139251708984
seq_270	-2.280754566192627
seq_271	-2.286669969558716
seq_272	-2.264894485473633
seq_273	-2.2711687088012695
seq_274	-2.2704992294311523
seq_275	-2.270537853240967
seq_276	-2.275028944015503
seq_277	-2.2649083137512207
seq_278	-2.263782024383545
seq_279	-2.291532039642334
seq_280	-2.248629331588745
seq_281	-2.2263474464416504
seq_282	-2.2709081172943115
seq_283	-2.2659738063812256
seq_284	-2.2833645343780518
seq_285	-2.2652993202209473
seq_286	-2.2283992767333984
seq_287	-2.2283992767333984
seq_288	-2.257390022277832
seq_289	-2.2822086811065674
seq_290	-2.2822086811065674
seq_291	-2.261662483215332
seq_292	-2.2705271244049072
seq_293	-2.2657926082611084
seq_294	-2.26106595993042
seq_295	-2.2579450607299805
seq_296	-2.2434022426605225
seq_297	-2.272554874420166
seq_298	-2.2231242656707764
seq_299	-2.2629950046539307
seq_300	-2.281409978866577
seq_301	-2.266207456588745
seq_302	-2.276968002319336
seq_303	-2.285181760787964
seq_304	-2.2681612968444824
seq_305	-2.2756474018096924
seq_306	-2.2681612968444824
seq_307	-2.247448444366455
seq_308	-2.271404504776001
seq_309	-2.255671977996826
seq_310	-2.2567763328552246
seq_311	-2.2623867988586426
seq_312	-2.258220672607422
seq_313	-2.259589433670044
seq_314	-2.2792162895202637
seq_315	-2.2504847049713135
seq_316	-2.2436881065368652
seq_317	-2.3016562461853027
seq_318	-2.270967960357666
seq_319	-2.2703561782836914
seq_320	-2.247962713241577
seq_321	-2.2661964893341064
seq_322	-2.271092176437378
seq_323	-2.2719533443450928
seq_324	-2.267130136489868
seq_325	-2.2634341716766357
seq_326	-2.2684004306793213
seq_327	-2.2809877395629883
seq_328	-2.258601665496826
seq_329	-2.286926746368408
seq_330	-2.2610435485839844
seq_331	-2.246021270751953
seq_332	-2.246021270751953
seq_333	-2.2472262382507324
seq_334	-2.2472262382507324
seq_335	-2.265035629272461
seq_336	-2.265321731567383
seq_337	-2.2649123668670654
seq_338	-2.260502338409424
seq_339	-2.2666046619415283
seq_340	-2.251885175704956
seq_341	-2.2598934173583984
seq_342	-2.2598934173583984
seq_343	-2.2592525482177734
seq_344	-2.264302968978882
seq_345	-2.2876086235046387
seq_346	-2.2699825763702393
seq_347	-2.2229108810424805
seq_348	-2.2229108810424805
seq_349	-2.2173244953155518
seq_350	-2.2591240406036377
seq_351	-2.2654151916503906
seq_352	-2.2654151916503906
seq_353	-2.263249635696411
seq_354	-2.262493848800659
seq_355	-2.234088182449341
seq_356	-2.2695579528808594
seq_357	-2.2712595462799072
seq_358	-2.2637569904327393
seq_359	-2.246691942214966
seq_360	-2.254943609237671
seq_361	-2.2641024589538574
seq_362	-2.2641024589538574
seq_363	-2.211412191390991
seq_364	-2.242724895477295
seq_365	-2.2626113891601562
seq_366	-2.2570748329162598
seq_367	-2.2704617977142334
seq_368	-2.2550394535064697
seq_369	-2.2872602939605713
seq_370	-2.285745620727539
seq_371	-2.2741341590881348
seq_372	-2.259007453918457
seq_373	-2.259007453918457
seq_374	-2.2697272300720215
seq_375	-2.2695119380950928
seq_376	-2.2570555210113525
seq_377	-2.2592382431030273
seq_378	-2.2483646869659424
seq_379	-2.2352912425994873
seq_380	-2.2542262077331543
seq_381	-2.2575581073760986
seq_382	-2.275447130203247
seq_383	-2.275447130203247
seq_384	-2.3017702102661133
seq_385	-2.274435520172119
seq_386	-2.2587807178497314
seq_387	-2.257713556289673
seq_388	-2.2706072330474854
seq_389	-2.2496862411499023
seq_390	-2.247657537460327
seq_391	-2.2657220363616943
seq_392	-2.2657220363616943
seq_393	-2.2793705463409424
seq_394	-2.2513346672058105
seq_395	-2.2602598667144775
seq_396	-2.265970468521118
seq_397	-2.259507179260254
seq_398	-2.259507179260254
seq_399	-2.24175763130188
seq_400	-2.2470648288726807
seq_401	-2.2470648288726807
seq_402	-2.2470648288726807
seq_403	-2.237671136856079
seq_404	-2.2385857105255127
seq_405	-2.2615981101989746
seq_406	-2.285271406173706
seq_407	-2.2547452449798584
seq_408	-2.2547452449798584
seq_409	-2.2601964473724365
seq_410	-2.2557356357574463
seq_411	-2.2557356357574463
seq_412	-2.2634048461914062
seq_413	-2.2560319900512695
seq_414	-2.2525086402893066
seq_415	-2.2372243404388428
seq_416	-2.248955488204956
seq_417	-2.2650980949401855
seq_418	-2.2632808685302734
seq_419	-2.2632808685302734
seq_420	-2.2379696369171143
seq_421	-2.261680841445923
seq_422	-2.264885425567627
seq_423	-2.269580364227295
seq_424	-2.257214069366455
seq_425	-2.261000871658325
seq_426	-2.267270088195801
seq_427	-2.233114004135132
seq_428	-2.2663979530334473
seq_429	-2.2663979530334473
seq_430	-2.2604076862335205
seq_431	-2.3054521083831787
seq_432	-2.2514023780822754
seq_433	-2.244934320449829
seq_434	-2.276380777359009
seq_435	-2.276380777359009
seq_436	-2.2587828636169434
seq_437	-2.2649126052856445
seq_438	-2.254326343536377
seq_439	-2.254326343536377
seq_440	-2.249356746673584
seq_441	-2.2704970836639404
seq_442	-2.252755641937256
seq_443	-2.2512848377227783
seq_444	-2.2627604007720947
seq_445	-2.2572474479675293
seq_446	-2.2569265365600586
seq_447	-2.255150079727173
seq_448	-2.2663838863372803
seq_449	-2.2726244926452637
seq_450	-2.2726244926452637
seq_451	-2.2726244926452637
seq_452	-2.2536635398864746
seq_453	-2.266127586364746
seq_454	-2.27394700050354
seq_455	-2.2694687843322754
seq_456	-2.2786500453948975
seq_457	-2.2830936908721924
seq_458	-2.2405569553375244
seq_459	-2.266299247741699
seq_460	-2.281621217727661
seq_461	-2.240257501602173
seq_462	-2.282514810562134
seq_463	-2.265690326690674
seq_464	-2.2617101669311523
seq_465	-2.2433714866638184
seq_466	-2.2795777320861816
seq_467	-2.2590250968933105
seq_468	-2.3076040744781494
seq_469	-2.2567343711853027
seq_470	-2.265306234359741
seq_471	-2.2659308910369873
seq_472	-2.2946360111236572
seq_473	-2.2817842960357666
seq_474	-2.292116165161133
seq_475	-2.292116165161133
seq_476	-2.2727854251861572
seq_477	-2.2486391067504883
seq_478	-2.2738544940948486
seq_479	-2.285264015197754
seq_480	-2.271942615509033
seq_481	-2.2529540061950684
seq_482	-2.2112061977386475
seq_483	-2.2467756271362305
seq_484	-2.279080390930176
seq_485	-2.250849723815918
seq_486	-2.2669222354888916
seq_487	-2.266009569168091
seq_488	-2.2517800331115723
seq_489	-2.246549606323242
seq_490	-2.2688987255096436
seq_491	-2.2922587394714355
seq_492	-2.2922587394714355
seq_493	-2.272326707839966
seq_494	-2.272326707839966
seq_495	-2.2677741050720215
seq_496	-2.2614924907684326
seq_497	-2.242973566055298
seq_498	-2.261474132537842
seq_499	-2.253392219543457
seq_500	-2.280313730239868
seq_501	-2.261896848678589
seq_502	-2.25882625579834
seq_503	-2.2814924716949463
seq_504	-2.2382211685180664
seq_505	-2.2512850761413574
seq_506	-2.2476890087127686
seq_507	-2.2476890087127686
seq_508	-2.2476890087127686
seq_509	-2.2476890087127686
seq_510	-2.2665700912475586
seq_511	-2.2942137718200684
seq_512	-2.2558932304382324
seq_513	-2.254897356033325
seq_514	-2.254897356033325
seq_515	-2.2580440044403076
seq_516	-2.254258632659912
seq_517	-2.2574660778045654
seq_518	-2.25016713142395
seq_519	-2.272144317626953
seq_520	-2.272144317626953
seq_521	-2.2406816482543945
seq_522	-2.256221294403076
seq_523	-2.267186403274536
seq_524	-2.266960382461548
seq_525	-2.2647624015808105
seq_526	-2.2569968700408936
seq_527	-2.263730764389038
seq_528	-2.2724571228027344
seq_529	-2.2695212364196777
seq_530	-2.2715580463409424
seq_531	-2.2587332725524902
seq_532	-2.235124349594116
seq_533	-2.2760589122772217
seq_534	-2.2760589122772217
seq_535	-2.266515016555786
seq_536	-2.277912139892578
seq_537	-2.264397382736206
seq_538	-2.2679874897003174
seq_539	-2.267430543899536
seq_540	-2.267430543899536
seq_541	-2.266317844390869
seq_542	-2.282614231109619
seq_543	-2.254424571990967
seq_544	-2.233499765396118
seq_545	-2.247379779815674
seq_546	-2.240579605102539
seq_547	-2.2607192993164062
seq_548	-2.256465435028076
seq_549	-2.2549264430999756
seq_550	-2.232020854949951
seq_551	-2.261461019515991
seq_552	-2.2675065994262695
seq_553	-2.2606208324432373
seq_554	-2.2282602787017822
seq_555	-2.2282602787017822
seq_556	-2.2599740028381348
seq_557	-2.284569025039673
seq_558	-2.2685225009918213
seq_559	-2.2685225009918213
seq_560	-2.2857394218444824
seq_561	-2.269304037094116
seq_562	-2.257246255874634
seq_563	-2.264937162399292
seq_564	-2.270426034927368
seq_565	-2.276008367538452
seq_566	-2.276008367538452
seq_567	-2.235926389694214
seq_568	-2.2842600345611572
seq_569	-2.265947103500366
seq_570	-2.264558792114258
seq_571	-2.264833450317383
seq_572	-2.2852630615234375
seq_573	-2.2630560398101807
seq_574	-2.3116533756256104
seq_575	-2.2597603797912598
seq_576	-2.269700527191162
seq_577	-2.258997678756714
seq_578	-2.2444660663604736
seq_579	-2.261091470718384
seq_580	-2.258446455001831
seq_581	-2.2500815391540527
seq_582	-2.2170116901397705
seq_583	-2.258420944213867
seq_584	-2.266547918319702
seq_585	-2.2704849243164062
seq_586	-2.270671844482422
seq_587	-2.2392020225524902
seq_588	-2.269653558731079
seq_589	-2.262549877166748
seq_590	-2.250952959060669
seq_591	-2.2552099227905273
seq_592	-2.2635087966918945
seq_593	-2.2670459747314453
seq_594	-2.255652666091919
seq_595	-2.26588773727417
seq_596	-2.291982412338257
seq_597	-2.2871713638305664
seq_598	-2.2871713638305664
seq_599	-2.2678093910217285
seq_600	-2.265643358230591
seq_601	-2.253455638885498
seq_602	-2.2802951335906982
seq_603	-2.2745981216430664
seq_604	-2.296699285507202
seq_605	-2.266300678253174
seq_606	-2.2464680671691895
seq_607	-2.2872395515441895
seq_608	-2.242650032043457
seq_609	-2.239867925643921
seq_610	-2.246549129486084
seq_611	-2.278172731399536
seq_612	-2.272681713104248
seq_613	-2.2868824005126953
seq_614	-2.2529115676879883
seq_615	-2.2691032886505127
seq_616	-2.2529115676879883
seq_617	-2.2462353706359863
seq_618	-2.262528419494629
seq_619	-2.2350106239318848
seq_620	-2.277050256729126
seq_621	-2.249171733856201
seq_622	-2.266221523284912
seq_623	-2.23709774017334
seq_624	-2.2454488277435303
seq_625	-2.227729082107544
seq_626	-2.2397403717041016
seq_627	-2.227729082107544
seq_628	-2.254709005355835
seq_629	-2.254709005355835
seq_630	-2.264970064163208
seq_631	-2.264970064163208
seq_632	-2.2712836265563965
seq_633	-2.2378201484680176
seq_634	-2.2675347328186035
seq_635	-2.263063430786133
seq_636	-2.267335891723633
seq_637	-2.267335891723633
seq_638	-2.2851803302764893
seq_639	-2.275554895401001
seq_640	-2.2598156929016113
seq_641	-2.2764079570770264
seq_642	-2.2463104724884033
seq_643	-2.2733211517333984
seq_644	-2.230844259262085
seq_645	-2.2629001140594482
seq_646	-2.2629001140594482
seq_647	-2.262458086013794
seq_648	-2.262458086013794
seq_649	-2.287409543991089
seq_650	-2.252962827682495
seq_651	-2.2820050716400146
seq_652	-2.264153003692627
seq_653	-2.2661540508270264
seq_654	-2.2809793949127197
seq_655	-2.2742323875427246
seq_656	-2.261340618133545
seq_657	-2.2531702518463135
seq_658	-2.2544355392456055
seq_659	-2.2530064582824707
seq_660	-2.270474672317505
seq_661	-2.2560572624206543
seq_662	-2.2643473148345947
seq_663	-2.266329526901245
seq_664	-2.278536558151245
seq_665	-2.2695224285125732
seq_666	-2.265437602996826
seq_667	-2.2593839168548584
seq_668	-2.25217342376709
seq_669	-2.2323851585388184
seq_670	-2.2878940105438232
seq_671	-2.252148151397705
seq_672	-2.2502474784851074
seq_673	-2.246614456176758
seq_674	-2.2761199474334717
seq_675	-2.2395131587982178
seq_676	-2.246614456176758
seq_677	-2.2493724822998047
seq_678	-2.2523179054260254
seq_679	-2.249354600906372
seq_680	-2.252206563949585
seq_681	-2.2931511402130127
seq_682	-2.260401725769043
seq_683	-2.260401725769043
seq_684	-2.2575931549072266
seq_685	-2.246917963027954
seq_686	-2.2575931549072266
seq_687	-2.248018741607666
seq_688	-2.2887685298919678
seq_689	-2.282305955886841
seq_690	-2.255993127822876
seq_691	-2.2761194705963135
seq_692	-2.2301881313323975
seq_693	-2.2410526275634766
seq_694	-2.250636100769043
seq_695	-2.232377529144287
seq_696	-2.2451794147491455
seq_697	-2.2557241916656494
seq_698	-2.2825980186462402
seq_699	-2.2794578075408936
seq_700	-2.2794578075408936
seq_701	-2.2966620922088623
seq_702	-2.268378257751465
seq_703	-2.268378257751465
seq_704	-2.268378257751465
seq_705	-2.2488863468170166
seq_706	-2.2688965797424316
seq_707	-2.278263807296753
seq_708	-2.2627475261688232
seq_709	-2.2496159076690674
seq_710	-2.250007390975952
seq_711	-2.249546766281128
seq_712	-2.258470296859741
seq_713	-2.2567543983459473
seq_714	-2.229625940322876
seq_715	-2.2476072311401367
seq_716	-2.259627103805542
seq_717	-2.2737674713134766
seq_718	-2.2547974586486816
seq_719	-2.271845579147339
seq_720	-2.235820770263672
seq_721	-2.2939248085021973
seq_722	-2.3187544345855713
seq_723	-2.285203456878662
seq_724	-2.262019395828247
seq_725	-2.2751898765563965
seq_726	-2.2751898765563965
seq_727	-2.2328264713287354
seq_728	-2.2647314071655273
seq_729	-2.2794551849365234
seq_730	-2.242342233657837
seq_731	-2.255666971206665
seq_732	-2.259176731109619
seq_733	-2.278963327407837
seq_734	-2.2658450603485107
seq_735	-2.277650833129883
seq_736	-2.275941848754883
seq_737	-2.2710490226745605
seq_738	-2.2670845985412598
seq_739	-2.2299985885620117
seq_740	-2.2543487548828125
seq_741	-2.25889253616333
seq_742	-2.2819020748138428
seq_743	-2.268646240234375
seq_744	-2.2639009952545166
seq_745	-2.214399814605713
seq_746	-2.253607749938965
seq_747	-2.2664709091186523
seq_748	-2.277801513671875
seq_749	-2.276038885116577
seq_750	-2.276038885116577
seq_751	-2.26381254196167
seq_752	-2.2387356758117676
seq_753	-2.2387356758117676
seq_754	-2.2680821418762207
seq_755	-2.2746238708496094
seq_756	-2.249768018722534
seq_757	-2.252519369125366
seq_758	-2.2592241764068604
seq_759	-2.2587485313415527
seq_760	-2.2502853870391846
seq_761	-2.2472589015960693
seq_762	-2.2622292041778564
seq_763	-2.2622292041778564
seq_764	-2.2633426189422607
seq_765	-2.2564218044281006
seq_766	-2.2880136966705322
seq_767	-2.2496581077575684
seq_768	-2.2245638370513916
seq_769	-2.261080026626587
seq_770	-2.264514446258545
seq_771	-2.260244369506836
seq_772	-2.260244369506836
seq_773	-2.2641961574554443
seq_774	-2.267123222351074
seq_775	-2.2798471450805664
seq_776	-2.283108949661255
seq_777	-2.242976188659668
seq_778	-2.2776777744293213
seq_779	-2.261671304702759
seq_780	-2.2432518005371094
seq_781	-2.264817237854004
seq_782	-2.2393219470977783
seq_783	-2.275177240371704
seq_784	-2.275177240371704
seq_785	-2.2595396041870117
seq_786	-2.275500774383545
seq_787	-2.275500774383545
seq_788	-2.2616562843322754
seq_789	-2.2713875770568848
seq_790	-2.3005106449127197
seq_791	-2.256584882736206
seq_792	-2.2627036571502686
seq_793	-2.2617292404174805
seq_794	-2.2617292404174805
seq_795	-2.2385597229003906
seq_796	-2.2478768825531006
seq_797	-2.247605323791504
seq_798	-2.2857706546783447
seq_799	-2.2857706546783447
seq_800	-2.2584950923919678
seq_801	-2.2518627643585205
seq_802	-2.249739170074463
seq_803	-2.255242109298706
seq_804	-2.247868537902832
seq_805	-2.284762144088745
seq_806	-2.274057388305664
seq_807	-2.262917995452881
seq_808	-2.274057388305664
seq_809	-2.262917995452881
seq_810	-2.2797393798828125
seq_811	-2.2455501556396484
seq_812	-2.264073371887207
seq_813	-2.270575761795044
seq_814	-2.2606754302978516
seq_815	-2.2642903327941895
seq_816	-2.264718770980835
seq_817	-2.2282297611236572
seq_818	-2.2635157108306885
seq_819	-2.293858289718628
seq_820	-2.2414956092834473
seq_821	-2.2407121658325195
seq_822	-2.253931760787964
seq_823	-2.253931760787964
seq_824	-2.279111862182617
seq_825	-2.2539238929748535
seq_826	-2.2602672576904297
seq_827	-2.2539238929748535
seq_828	-2.256300926208496
seq_829	-2.278055191040039
seq_830	-2.2669241428375244
seq_831	-2.2796926498413086
seq_832	-2.2195329666137695
seq_833	-2.2517683506011963
seq_834	-2.2421035766601562
seq_835	-2.234705924987793
seq_836	-2.2780392169952393
seq_837	-2.234705924987793
seq_838	-2.2404496669769287
seq_839	-2.2611942291259766
seq_840	-2.294893980026245
seq_841	-2.2768073081970215
seq_842	-2.256321907043457
seq_843	-2.257728338241577
seq_844	-2.2875237464904785
seq_845	-2.252830743789673
seq_846	-2.261441230773926
seq_847	-2.261138916015625
seq_848	-2.277740716934204
seq_849	-2.241379737854004
seq_850	-2.272406578063965
seq_851	-2.2653889656066895
seq_852	-2.2687833309173584
seq_853	-2.2698371410369873
seq_854	-2.291886806488037
seq_855	-2.2464849948883057
seq_856	-2.266447067260742
seq_857	-2.256617546081543
seq_858	-2.2624764442443848
seq_859	-2.315394163131714
seq_860	-2.2737045288085938
seq_861	-2.260014057159424
seq_862	-2.256579875946045
seq_863	-2.2660715579986572
seq_864	-2.256749391555786
seq_865	-2.2242541313171387
seq_866	-2.2672293186187744
seq_867	-2.302656650543213
seq_868	-2.2465314865112305
seq_869	-2.2767117023468018
seq_870	-2.264178514480591
seq_871	-2.2847278118133545
seq_872	-2.2166616916656494
seq_873	-2.2558836936950684
seq_874	-2.2751500606536865
seq_875	-2.3102400302886963
seq_876	-2.2709312438964844
seq_877	-2.3134522438049316
seq_878	-2.222332715988159
seq_879	-2.2757387161254883
seq_880	-2.2757387161254883
seq_881	-2.2757387161254883
seq_882	-2.2757387161254883
seq_883	-2.2461745738983154
seq_884	-2.2592451572418213
seq_885	-2.2633535861968994
seq_886	-2.2704050540924072
seq_887	-2.2665951251983643
seq_888	-2.2624728679656982
seq_889	-2.245673418045044
seq_890	-2.2663350105285645
seq_891	-2.2904815673828125
seq_892	-2.2440192699432373
seq_893	-2.274488687515259
seq_894	-2.2678823471069336
seq_895	-2.2599687576293945
seq_896	-2.2870852947235107
seq_897	-2.2745540142059326
seq_898	-2.261697769165039
seq_899	-2.239745616912842
seq_900	-2.290757417678833
seq_901	-2.2645981311798096
seq_902	-2.215210437774658
seq_903	-2.2729268074035645
seq_904	-2.2558698654174805
seq_905	-2.258483409881592
seq_906	-2.2505269050598145
seq_907	-2.244049310684204
seq_908	-2.2598230838775635
seq_909	-2.2857611179351807
seq_910	-2.2427830696105957
seq_911	-2.2446975708007812
seq_912	-2.254784107208252
seq_913	-2.267289400100708
seq_914	-2.251923084259033
seq_915	-2.265115976333618
seq_916	-2.285209894180298
seq_917	-2.262401819229126
seq_918	-2.2741646766662598
seq_919	-2.2551276683807373
seq_920	-2.257920980453491
seq_921	-2.2515528202056885
seq_922	-2.2653286457061768
seq_923	-2.277844190597534
seq_924	-2.254162549972534
seq_925	-2.2731990814208984
seq_926	-2.254162549972534
seq_927	-2.264510154724121
seq_928	-2.2831737995147705
seq_929	-2.2377424240112305
seq_930	-2.2881555557250977
seq_931	-2.2377424240112305
seq_932	-2.2881555557250977
seq_933	-2.2687253952026367
seq_934	-2.2687253952026367
seq_935	-2.301553726196289
seq_936	-2.2513489723205566
seq_937	-2.2731993198394775
seq_938	-2.2703919410705566
seq_939	-2.288860559463501
seq_940	-2.2757811546325684
seq_941	-2.2438573837280273
seq_942	-2.267033100128174
seq_943	-2.2377994060516357
seq_944	-2.2631282806396484
seq_945	-2.266871452331543
seq_946	-2.3088269233703613
seq_947	-2.3088269233703613
seq_948	-2.267547845840454
seq_949	-2.267547845840454
seq_950	-2.267547845840454
seq_951	-2.2714459896087646
seq_952	-2.2552692890167236
seq_953	-2.2402610778808594
seq_954	-2.2677340507507324
seq_955	-2.270986795425415
seq_956	-2.2610578536987305
seq_957	-2.2415273189544678
seq_958	-2.2778806686401367
seq_959	-2.263024091720581
seq_960	-2.2353789806365967
seq_961	-2.2517762184143066
seq_962	-2.2784433364868164
seq_963	-2.273960828781128
seq_964	-2.2572617530822754
seq_965	-2.2528257369995117
seq_966	-2.2528257369995117
seq_967	-2.2749640941619873
seq_968	-2.2660059928894043
seq_969	-2.2864606380462646
seq_970	-2.239872455596924
seq_971	-2.2864606380462646
seq_972	-2.2163197994232178
seq_973	-2.2731690406799316
seq_974	-2.2503135204315186
seq_975	-2.247776985168457
seq_976	-2.2277607917785645
seq_977	-2.3100616931915283
seq_978	-2.2608306407928467
seq_979	-2.3084065914154053
seq_980	-2.2536449432373047
seq_981	-2.2536449432373047
seq_982	-2.270418882369995
seq_983	-2.272062301635742
seq_984	-2.256683588027954
seq_985	-2.235175609588623
seq_986	-2.2760894298553467
seq_987	-2.2474400997161865
seq_988	-2.2269577980041504
seq_989	-2.2604188919067383
seq_990	-2.261924982070923
seq_991	-2.242478370666504
seq_992	-2.278759002685547
seq_993	-2.242478370666504
seq_994	-2.243173360824585
seq_995	-2.2802841663360596
seq_996	-2.2802841663360596
seq_997	-2.2237417697906494
seq_998	-2.2763161659240723
seq_999	-2.2448017597198486
seq_1000	-2.2448017597198486
